exp,label,prompt_id,category,tokens_generated,tokens_per_second,decode_tokens_per_second,time_to_first_token_s,total_latency_s,peak_memory_mb,current_memory_mb,cpu_utilization_pct,gpu_utilization_pct,kv_cache_mb,context_length,device,measured,data_source,timestamp
0,baseline,factual_1,factual,77,41.61,42.167,0.0481,1.8505,1471.27,1471.27,77.74,,2.753,112,mps,True,MEASURED,2026-06-04T12:26:00-04:00
0,baseline,factual_2,factual,21,35.595,36.657,0.0444,0.59,1479.36,1479.36,80.8,,1.352,55,mps,True,MEASURED,2026-06-04T12:26:00-04:00
0,baseline,coding_1,coding,125,40.067,40.618,0.0669,3.1197,931.18,931.18,75.78,,4.129,168,mps,True,MEASURED,2026-06-04T12:26:00-04:00
0,baseline,coding_2,coding,119,38.381,38.67,0.049,3.1005,996.34,996.34,75.39,,4.276,174,mps,True,MEASURED,2026-06-04T12:26:00-04:00
0,baseline,reasoning_1,reasoning,179,33.936,34.129,0.059,5.2746,1613.79,1613.79,75.82,,6.39,260,mps,True,MEASURED,2026-06-04T12:26:00-04:00
0,baseline,reasoning_2,reasoning,131,33.079,33.236,0.0488,3.9603,1617.81,1617.81,78.16,,4.571,186,mps,True,MEASURED,2026-06-04T12:26:00-04:00
0,baseline,summ_1,summarization,45,39.208,43.516,0.1366,1.1477,1620.07,1620.07,79.85,,3.391,138,mps,True,MEASURED,2026-06-04T12:26:00-04:00
0,baseline,struct_json,structured,22,22.134,22.678,0.0679,0.9939,1621.85,1621.85,80.99,,1.794,73,mps,True,MEASURED,2026-06-04T12:26:00-04:00
0,baseline,struct_yaml,structured,81,40.566,41.454,0.0669,1.9967,1622.28,1622.28,79.41,,3.244,132,mps,True,MEASURED,2026-06-04T12:26:00-04:00
0,baseline,struct_table,structured,43,40.696,41.655,0.0483,1.0566,1624.13,1624.13,80.15,,2.212,90,mps,True,MEASURED,2026-06-04T12:26:00-04:00
1,no_grad,factual_1,factual,77,39.821,40.32,0.0487,1.9337,1898.56,1898.56,79.19,,2.753,112,mps,True,MEASURED,2026-06-04T12:27:38-04:00
1,no_grad,factual_2,factual,21,33.163,34.416,0.0521,0.6332,1899.53,1899.53,84.17,,1.352,55,mps,True,MEASURED,2026-06-04T12:27:38-04:00
1,no_grad,coding_1,coding,125,39.226,39.745,0.0668,3.1867,1902.9,1902.9,78.52,,4.129,168,mps,True,MEASURED,2026-06-04T12:27:38-04:00
1,no_grad,coding_2,coding,119,37.042,37.302,0.0492,3.2126,1920.35,1920.35,78.02,,4.276,174,mps,True,MEASURED,2026-06-04T12:27:38-04:00
1,no_grad,reasoning_1,reasoning,179,33.985,34.168,0.0575,5.267,1967.73,1967.73,76.66,,6.39,260,mps,True,MEASURED,2026-06-04T12:27:38-04:00
1,no_grad,reasoning_2,reasoning,131,32.002,32.158,0.0509,4.0935,1968.69,1968.69,78.44,,4.571,186,mps,True,MEASURED,2026-06-04T12:27:38-04:00
1,no_grad,summ_1,summarization,45,38.07,42.284,0.1415,1.182,1968.82,1968.82,80.02,,3.391,138,mps,True,MEASURED,2026-06-04T12:27:38-04:00
1,no_grad,struct_json,structured,22,20.46,20.894,0.0702,1.0753,1969.0,1969.0,79.2,,1.794,73,mps,True,MEASURED,2026-06-04T12:27:38-04:00
1,no_grad,struct_yaml,structured,81,39.352,40.23,0.0698,2.0583,1969.16,1969.16,79.47,,3.244,132,mps,True,MEASURED,2026-06-04T12:27:38-04:00
1,no_grad,struct_table,structured,43,40.381,41.288,0.0476,1.0649,1969.26,1969.26,79.95,,2.212,90,mps,True,MEASURED,2026-06-04T12:27:38-04:00
2,inference_mode,factual_1,factual,77,39.702,40.166,0.0473,1.9395,1535.85,1535.85,78.25,,2.753,112,mps,True,MEASURED,2026-06-04T12:29:13-04:00
2,inference_mode,factual_2,factual,21,33.488,34.437,0.0463,0.6271,1537.44,1537.43,81.67,,1.352,55,mps,True,MEASURED,2026-06-04T12:29:13-04:00
2,inference_mode,coding_1,coding,125,39.347,39.859,0.0659,3.1769,1540.75,1540.75,77.52,,4.129,168,mps,True,MEASURED,2026-06-04T12:29:13-04:00
2,inference_mode,coding_2,coding,119,38.339,38.628,0.0491,3.1039,1543.54,1543.54,76.66,,4.276,174,mps,True,MEASURED,2026-06-04T12:29:13-04:00
2,inference_mode,reasoning_1,reasoning,179,34.903,35.104,0.0579,5.1286,1548.19,1548.19,75.81,,6.39,260,mps,True,MEASURED,2026-06-04T12:29:13-04:00
2,inference_mode,reasoning_2,reasoning,131,32.277,32.433,0.0503,4.0586,1548.65,1548.62,76.22,,4.571,186,mps,True,MEASURED,2026-06-04T12:29:13-04:00
2,inference_mode,summ_1,summarization,45,40.256,44.668,0.1328,1.1178,1549.09,1549.09,79.16,,3.391,138,mps,True,MEASURED,2026-06-04T12:29:13-04:00
2,inference_mode,struct_json,structured,22,21.735,22.326,0.0716,1.0122,1549.29,1549.29,82.33,,1.794,73,mps,True,MEASURED,2026-06-04T12:29:13-04:00
2,inference_mode,struct_yaml,structured,81,40.328,41.276,0.0704,2.0085,1549.47,1549.47,78.88,,3.244,132,mps,True,MEASURED,2026-06-04T12:29:13-04:00
2,inference_mode,struct_table,structured,43,41.475,42.876,0.0572,1.0368,1549.5,1549.5,79.93,,2.212,90,mps,True,MEASURED,2026-06-04T12:29:13-04:00
3,no_eval(ablation),factual_1,factual,77,38.85,39.256,0.046,1.982,1843.54,1843.53,79.97,,2.753,112,mps,True,MEASURED,2026-06-04T12:30:52-04:00
3,no_eval(ablation),factual_2,factual,21,32.936,33.944,0.0484,0.6376,1844.36,1844.36,78.7,,1.352,55,mps,True,MEASURED,2026-06-04T12:30:52-04:00
3,no_eval(ablation),coding_1,coding,125,39.128,39.689,0.0703,3.1946,1892.58,1892.55,78.51,,4.129,168,mps,True,MEASURED,2026-06-04T12:30:52-04:00
3,no_eval(ablation),coding_2,coding,119,36.286,36.548,0.0509,3.2795,1893.79,1893.79,78.34,,4.276,174,mps,True,MEASURED,2026-06-04T12:30:52-04:00
3,no_eval(ablation),reasoning_1,reasoning,179,32.817,33.006,0.0615,5.4545,1894.43,1894.43,76.85,,6.39,260,mps,True,MEASURED,2026-06-04T12:30:52-04:00
3,no_eval(ablation),reasoning_2,reasoning,131,30.295,30.414,0.0498,4.3242,1894.79,1894.79,76.01,,4.571,186,mps,True,MEASURED,2026-06-04T12:30:52-04:00
3,no_eval(ablation),summ_1,summarization,45,37.073,41.117,0.1437,1.2138,1894.92,1894.92,76.14,,3.391,138,mps,True,MEASURED,2026-06-04T12:30:52-04:00
3,no_eval(ablation),struct_json,structured,22,20.971,21.453,0.0702,1.0491,1883.26,1883.26,80.17,,1.794,73,mps,True,MEASURED,2026-06-04T12:30:52-04:00
3,no_eval(ablation),struct_yaml,structured,81,38.687,39.598,0.0734,2.0937,1882.85,1882.82,75.55,,3.244,132,mps,True,MEASURED,2026-06-04T12:30:52-04:00
3,no_eval(ablation),struct_table,structured,43,38.241,39.185,0.0526,1.1244,1882.87,1882.87,78.18,,2.212,90,mps,True,MEASURED,2026-06-04T12:30:52-04:00
4,fp16,factual_1,factual,77,35.329,36.083,0.0732,2.1795,1833.5,1833.5,93.11,,1.376,112,mps,True,MEASURED,2026-06-04T12:32:37-04:00
4,fp16,factual_2,factual,21,30.908,32.639,0.0667,0.6794,1836.07,1836.07,95.94,,0.676,55,mps,True,MEASURED,2026-06-04T12:32:37-04:00
4,fp16,coding_1,coding,125,35.75,36.346,0.0848,3.4965,1892.94,1892.94,92.67,,2.064,168,mps,True,MEASURED,2026-06-04T12:32:37-04:00
4,fp16,coding_2,coding,119,33.687,33.998,0.0617,3.5325,1902.53,1902.53,93.53,,2.138,174,mps,True,MEASURED,2026-06-04T12:32:37-04:00
4,fp16,reasoning_1,reasoning,178,31.564,31.894,0.0896,5.6393,1987.62,1987.62,93.19,,3.183,259,mps,True,MEASURED,2026-06-04T12:32:37-04:00
4,fp16,reasoning_2,reasoning,131,30.446,30.643,0.0604,4.3028,1988.48,1988.48,93.16,,2.286,186,mps,True,MEASURED,2026-06-04T12:32:37-04:00
4,fp16,summ_1,summarization,37,40.78,44.162,0.0921,0.9073,1989.03,1989.03,93.63,,1.597,130,mps,True,MEASURED,2026-06-04T12:32:37-04:00
4,fp16,struct_json,structured,22,20.422,21.238,0.0885,1.0772,1989.12,1989.12,95.07,,0.897,73,mps,True,MEASURED,2026-06-04T12:32:37-04:00
4,fp16,struct_yaml,structured,81,37.914,38.91,0.0804,2.1364,1989.08,1989.08,93.71,,1.622,132,mps,True,MEASURED,2026-06-04T12:32:37-04:00
4,fp16,struct_table,structured,43,38.805,40.149,0.062,1.1081,1989.12,1989.12,94.52,,1.106,90,mps,True,MEASURED,2026-06-04T12:32:37-04:00
5,bf16,factual_1,factual,69,36.401,37.022,0.0588,1.8955,1834.53,1834.53,93.92,,1.278,104,mps,True,MEASURED,2026-06-04T12:34:18-04:00
5,bf16,factual_2,factual,16,22.914,24.223,0.079,0.6983,1837.83,1837.83,87.79,,0.614,50,mps,True,MEASURED,2026-06-04T12:34:18-04:00
5,bf16,coding_1,coding,136,39.746,40.394,0.0797,3.4218,1898.56,1898.56,93.12,,2.2,179,mps,True,MEASURED,2026-06-04T12:34:18-04:00
5,bf16,coding_2,coding,71,37.231,38.03,0.0664,1.907,1902.72,1902.72,93.93,,1.548,126,mps,True,MEASURED,2026-06-04T12:34:18-04:00
5,bf16,reasoning_1,reasoning,178,32.664,32.886,0.0672,5.4495,2064.65,2064.65,93.17,,3.183,259,mps,True,MEASURED,2026-06-04T12:34:18-04:00
5,bf16,reasoning_2,reasoning,132,30.861,31.129,0.069,4.2773,2064.76,2064.74,92.39,,2.298,187,mps,True,MEASURED,2026-06-04T12:34:18-04:00
5,bf16,summ_1,summarization,45,36.574,40.902,0.1546,1.2304,2065.38,2065.38,94.07,,1.696,138,mps,True,MEASURED,2026-06-04T12:34:18-04:00
5,bf16,struct_json,structured,23,19.983,20.713,0.0888,1.151,2065.71,2065.71,94.36,,0.909,74,mps,True,MEASURED,2026-06-04T12:34:18-04:00
5,bf16,struct_yaml,structured,70,37.068,38.184,0.0814,1.8884,2065.74,2065.74,93.29,,1.487,121,mps,True,MEASURED,2026-06-04T12:34:18-04:00
5,bf16,struct_table,structured,86,37.243,37.726,0.0561,2.3092,2066.01,2066.01,93.19,,1.634,133,mps,True,MEASURED,2026-06-04T12:34:18-04:00
6,sdpa,factual_1,factual,77,44.833,45.281,0.0391,1.7175,1779.6,1779.6,52.92,,2.753,112,mps,True,MEASURED,2026-06-04T12:35:46-04:00
6,sdpa,factual_2,factual,21,38.282,39.281,0.0394,0.5486,1781.56,1781.56,59.77,,1.352,55,mps,True,MEASURED,2026-06-04T12:35:46-04:00
6,sdpa,coding_1,coding,125,43.275,43.814,0.0584,2.8885,1838.53,1838.53,48.74,,4.129,168,mps,True,MEASURED,2026-06-04T12:35:46-04:00
6,sdpa,coding_2,coding,119,40.832,41.071,0.0413,2.9144,1848.12,1848.12,50.94,,4.276,174,mps,True,MEASURED,2026-06-04T12:35:46-04:00
6,sdpa,reasoning_1,reasoning,179,37.462,37.659,0.0515,4.7781,1942.95,1942.95,49.09,,6.39,260,mps,True,MEASURED,2026-06-04T12:35:46-04:00
6,sdpa,reasoning_2,reasoning,131,35.716,35.852,0.0418,3.6678,1943.34,1943.34,50.68,,4.571,186,mps,True,MEASURED,2026-06-04T12:35:46-04:00
6,sdpa,summ_1,summarization,45,43.187,47.762,0.1208,1.042,1944.31,1944.31,55.74,,3.391,138,mps,True,MEASURED,2026-06-04T12:35:46-04:00
6,sdpa,struct_json,structured,22,24.261,24.751,0.0584,0.9068,1944.65,1944.65,58.0,,1.794,73,mps,True,MEASURED,2026-06-04T12:35:46-04:00
6,sdpa,struct_yaml,structured,81,44.269,45.179,0.059,1.8297,1944.93,1944.93,52.09,,3.244,132,mps,True,MEASURED,2026-06-04T12:35:46-04:00
6,sdpa,struct_table,structured,43,45.888,46.866,0.0409,0.9371,1945.08,1945.08,57.71,,2.212,90,mps,True,MEASURED,2026-06-04T12:35:46-04:00
7,flash_attn2,factual_1,factual,77,44.569,45.012,0.0392,1.7277,2076.16,2076.16,53.27,,2.753,112,mps,True,MEASURED,2026-06-04T12:37:15-04:00
7,flash_attn2,factual_2,factual,21,37.748,38.745,0.0401,0.5563,2076.33,2076.33,50.63,,1.352,55,mps,True,MEASURED,2026-06-04T12:37:15-04:00
7,flash_attn2,coding_1,coding,125,42.719,43.247,0.0588,2.9261,2086.54,2086.54,51.48,,4.129,168,mps,True,MEASURED,2026-06-04T12:37:15-04:00
7,flash_attn2,coding_2,coding,119,40.567,40.824,0.043,2.9334,2088.7,2088.7,50.86,,4.276,174,mps,True,MEASURED,2026-06-04T12:37:15-04:00
7,flash_attn2,reasoning_1,reasoning,179,37.073,37.257,0.0507,4.8283,2090.43,2090.43,49.91,,6.39,260,mps,True,MEASURED,2026-06-04T12:37:15-04:00
7,flash_attn2,reasoning_2,reasoning,131,34.248,34.373,0.0431,3.8251,1210.91,1210.91,53.55,,4.571,186,mps,True,MEASURED,2026-06-04T12:37:15-04:00
7,flash_attn2,summ_1,summarization,45,41.864,46.543,0.1295,1.0749,1219.35,1219.35,50.66,,3.391,138,mps,True,MEASURED,2026-06-04T12:37:15-04:00
7,flash_attn2,struct_json,structured,22,23.677,24.211,0.0618,0.9292,1222.66,1222.66,57.77,,1.794,73,mps,True,MEASURED,2026-06-04T12:37:15-04:00
7,flash_attn2,struct_yaml,structured,81,44.082,45.177,0.0667,1.8375,1223.59,1223.59,52.78,,3.244,132,mps,True,MEASURED,2026-06-04T12:37:15-04:00
7,flash_attn2,struct_table,structured,43,45.241,46.187,0.0411,0.9505,1226.59,1226.59,57.86,,2.212,90,mps,True,MEASURED,2026-06-04T12:37:15-04:00
8,sdpa_math,factual_1,factual,77,44.113,44.582,0.0408,1.7455,1599.83,1599.83,53.98,,2.753,112,mps,True,MEASURED,2026-06-04T12:38:44-04:00
8,sdpa_math,factual_2,factual,21,37.301,38.261,0.0403,0.563,1603.57,1603.57,60.88,,1.352,55,mps,True,MEASURED,2026-06-04T12:38:44-04:00
8,sdpa_math,coding_1,coding,125,42.417,42.945,0.0595,2.947,1608.66,1608.66,51.58,,4.129,168,mps,True,MEASURED,2026-06-04T12:38:44-04:00
8,sdpa_math,coding_2,coding,119,40.274,40.521,0.0427,2.9548,1610.97,1610.97,51.33,,4.276,174,mps,True,MEASURED,2026-06-04T12:38:44-04:00
8,sdpa_math,reasoning_1,reasoning,179,35.924,36.101,0.0522,4.9828,1613.97,1613.97,50.99,,6.39,260,mps,True,MEASURED,2026-06-04T12:38:44-04:00
8,sdpa_math,reasoning_2,reasoning,131,34.127,34.261,0.0442,3.8386,1614.64,1613.55,52.49,,4.571,186,mps,True,MEASURED,2026-06-04T12:38:44-04:00
8,sdpa_math,summ_1,summarization,45,41.67,45.96,0.1226,1.0799,1566.11,1566.11,54.23,,3.391,138,mps,True,MEASURED,2026-06-04T12:38:44-04:00
8,sdpa_math,struct_json,structured,22,24.316,24.834,0.0591,0.9048,1566.77,1566.77,48.71,,1.794,73,mps,True,MEASURED,2026-06-04T12:38:44-04:00
8,sdpa_math,struct_yaml,structured,81,44.487,45.431,0.0598,1.8208,1565.56,1565.56,55.88,,3.244,132,mps,True,MEASURED,2026-06-04T12:38:44-04:00
8,sdpa_math,struct_table,structured,43,45.334,46.271,0.0408,0.9485,1565.92,1565.92,50.86,,2.212,90,mps,True,MEASURED,2026-06-04T12:38:44-04:00
9,sdpa_memeff,factual_1,factual,77,44.438,44.877,0.0393,1.7328,1498.76,1498.76,56.91,,2.753,112,mps,True,MEASURED,2026-06-04T12:40:13-04:00
9,sdpa_memeff,factual_2,factual,21,38.116,39.111,0.0396,0.551,1499.0,1499.0,71.05,,1.352,55,mps,True,MEASURED,2026-06-04T12:40:13-04:00
9,sdpa_memeff,coding_1,coding,125,43.061,43.586,0.0579,2.9028,1567.9,1567.9,48.74,,4.129,168,mps,True,MEASURED,2026-06-04T12:40:13-04:00
9,sdpa_memeff,coding_2,coding,119,39.455,39.701,0.0439,3.0161,1574.72,1574.7,50.65,,4.276,174,mps,True,MEASURED,2026-06-04T12:40:13-04:00
9,sdpa_memeff,reasoning_1,reasoning,179,36.037,36.215,0.052,4.9672,1578.83,1577.76,49.33,,6.39,260,mps,True,MEASURED,2026-06-04T12:40:13-04:00
9,sdpa_memeff,reasoning_2,reasoning,131,34.075,34.226,0.0462,3.8445,1578.42,1577.35,53.05,,4.571,186,mps,True,MEASURED,2026-06-04T12:40:13-04:00
9,sdpa_memeff,summ_1,summarization,45,40.765,45.111,0.1285,1.1039,1574.52,1574.4,59.35,,3.391,138,mps,True,MEASURED,2026-06-04T12:40:13-04:00
9,sdpa_memeff,struct_json,structured,22,23.89,24.394,0.06,0.9209,1394.56,1394.56,62.62,,1.794,73,mps,True,MEASURED,2026-06-04T12:40:13-04:00
9,sdpa_memeff,struct_yaml,structured,81,42.472,43.322,0.0605,1.9071,1395.85,1395.85,50.84,,3.244,132,mps,True,MEASURED,2026-06-04T12:40:13-04:00
9,sdpa_memeff,struct_table,structured,43,45.537,46.483,0.0407,0.9443,1299.84,1299.71,62.17,,2.212,90,mps,True,MEASURED,2026-06-04T12:40:13-04:00
10,no_kv_cache(ablation),factual_1,factual,77,22.15,22.222,0.0562,3.4762,1295.07,1295.07,56.04,,2.753,112,mps,True,MEASURED,2026-06-04T12:43:59-04:00
10,no_kv_cache(ablation),factual_2,factual,21,24.265,24.631,0.0534,0.8654,1299.81,1299.81,66.04,,1.352,55,mps,True,MEASURED,2026-06-04T12:43:59-04:00
10,no_kv_cache(ablation),coding_1,coding,125,17.898,17.979,0.0871,6.984,1368.13,1137.48,51.93,,4.129,168,mps,True,MEASURED,2026-06-04T12:43:59-04:00
10,no_kv_cache(ablation),coding_2,coding,119,15.912,15.912,0.0626,7.4785,944.82,944.29,51.18,,4.276,174,mps,True,MEASURED,2026-06-04T12:43:59-04:00
10,no_kv_cache(ablation),reasoning_1,reasoning,179,11.325,11.32,0.0811,15.8054,1248.23,1247.56,40.69,,6.39,260,mps,True,MEASURED,2026-06-04T12:43:59-04:00
10,no_kv_cache(ablation),reasoning_2,reasoning,131,13.186,13.166,0.0607,9.9346,1144.62,1144.62,46.55,,4.571,186,mps,True,MEASURED,2026-06-04T12:43:59-04:00
10,no_kv_cache(ablation),summ_1,summarization,45,18.891,20.44,0.2294,2.3821,1142.77,1081.75,57.35,,3.391,138,mps,True,MEASURED,2026-06-04T12:43:59-04:00
10,no_kv_cache(ablation),struct_json,structured,22,13.015,13.084,0.0853,1.6904,1158.97,1158.97,64.88,,1.794,73,mps,True,MEASURED,2026-06-04T12:43:59-04:00
10,no_kv_cache(ablation),struct_yaml,structured,81,21.114,21.33,0.0857,3.8363,1163.1,1151.94,56.11,,3.244,132,mps,True,MEASURED,2026-06-04T12:43:59-04:00
10,no_kv_cache(ablation),struct_table,structured,43,24.569,24.823,0.0582,1.7502,1158.59,1158.59,61.86,,2.212,90,mps,True,MEASURED,2026-06-04T12:43:59-04:00
11,static_cache,factual_1,factual,77,50.258,51.189,0.0474,1.5321,2064.24,2064.24,84.73,,2.753,112,mps,True,MEASURED,2026-06-04T12:45:30-04:00
11,static_cache,factual_2,factual,21,41.993,43.516,0.0405,0.5001,2069.53,2069.53,73.5,,1.352,55,mps,True,MEASURED,2026-06-04T12:45:30-04:00
11,static_cache,coding_1,coding,125,48.574,49.307,0.0585,2.5734,2163.97,2163.97,79.16,,4.129,168,mps,True,MEASURED,2026-06-04T12:45:30-04:00
11,static_cache,coding_2,coding,119,45.885,46.278,0.0437,2.5935,2280.93,2280.93,80.16,,4.276,174,mps,True,MEASURED,2026-06-04T12:45:30-04:00
11,static_cache,reasoning_1,reasoning,179,39.058,39.342,0.0585,4.5829,2596.67,2596.67,80.89,,6.39,260,mps,True,MEASURED,2026-06-04T12:45:30-04:00
11,static_cache,reasoning_2,reasoning,131,37.758,37.983,0.0469,3.4694,2620.54,2620.54,80.16,,4.571,186,mps,True,MEASURED,2026-06-04T12:45:30-04:00
11,static_cache,summ_1,summarization,45,43.722,48.72,0.1261,1.0292,2621.64,2621.64,75.62,,3.391,138,mps,True,MEASURED,2026-06-04T12:45:30-04:00
11,static_cache,struct_json,structured,22,24.406,25.17,0.0671,0.9014,2624.03,2624.03,89.19,,1.794,73,mps,True,MEASURED,2026-06-04T12:45:30-04:00
11,static_cache,struct_yaml,structured,81,44.241,45.427,0.0698,1.8309,2617.31,2616.98,83.22,,3.244,132,mps,True,MEASURED,2026-06-04T12:45:30-04:00
11,static_cache,struct_table,structured,43,43.087,44.209,0.048,0.998,2619.38,2619.38,90.94,,2.212,90,mps,True,MEASURED,2026-06-04T12:45:30-04:00
12,offloaded_cache,factual_1,factual,77,42.397,43.076,0.0519,1.8162,870.58,870.58,75.09,,2.753,112,mps,True,MEASURED,2026-06-04T13:02:41-04:00
12,offloaded_cache,factual_2,factual,21,34.973,36.013,0.0451,0.6005,880.44,880.44,80.12,,1.352,55,mps,True,MEASURED,2026-06-04T13:02:41-04:00
12,offloaded_cache,coding_1,coding,125,39.748,40.257,0.0646,3.1448,1247.77,1247.77,74.41,,4.129,168,mps,True,MEASURED,2026-06-04T13:02:41-04:00
12,offloaded_cache,coding_2,coding,119,38.193,38.479,0.0492,3.1158,1298.04,1298.04,76.38,,4.276,174,mps,True,MEASURED,2026-06-04T13:02:41-04:00
12,offloaded_cache,reasoning_1,reasoning,179,34.182,34.371,0.0578,5.2366,1951.07,1948.76,76.2,,6.39,260,mps,True,MEASURED,2026-06-04T13:02:41-04:00
12,offloaded_cache,reasoning_2,reasoning,131,32.981,33.14,0.0492,3.9719,1583.25,1583.24,77.15,,4.571,186,mps,True,MEASURED,2026-06-04T13:02:41-04:00
12,offloaded_cache,summ_1,summarization,45,39.251,43.65,0.1385,1.1465,1585.45,1585.45,78.62,,3.391,138,mps,True,MEASURED,2026-06-04T13:02:41-04:00
12,offloaded_cache,struct_json,structured,22,21.968,22.582,0.0715,1.0015,1587.92,1587.92,80.3,,1.794,73,mps,True,MEASURED,2026-06-04T13:02:41-04:00
12,offloaded_cache,struct_yaml,structured,81,41.114,42.014,0.066,1.9701,1588.51,1588.51,78.75,,3.244,132,mps,True,MEASURED,2026-06-04T13:02:41-04:00
12,offloaded_cache,struct_table,structured,43,41.596,42.706,0.0503,1.0338,1590.71,1590.71,80.81,,2.212,90,mps,True,MEASURED,2026-06-04T13:02:41-04:00
13,compile_default,factual_1,factual,77,40.341,40.835,0.0476,1.9087,1913.96,1913.96,79.45,,2.753,112,mps,True,MEASURED,2026-06-04T13:04:17-04:00
13,compile_default,factual_2,factual,21,34.083,35.076,0.046,0.6161,1915.91,1915.91,82.93,,1.352,55,mps,True,MEASURED,2026-06-04T13:04:17-04:00
13,compile_default,coding_1,coding,125,40.2,40.731,0.0651,3.1094,1920.55,1920.55,77.52,,4.129,168,mps,True,MEASURED,2026-06-04T13:04:17-04:00
13,compile_default,coding_2,coding,119,36.846,37.149,0.0533,3.2297,1923.1,1923.1,77.25,,4.276,174,mps,True,MEASURED,2026-06-04T13:04:17-04:00
13,compile_default,reasoning_1,reasoning,179,33.635,33.835,0.0609,5.3218,1929.63,1929.63,75.39,,6.39,260,mps,True,MEASURED,2026-06-04T13:04:17-04:00
13,compile_default,reasoning_2,reasoning,131,31.755,31.893,0.0492,4.1254,1930.15,1930.15,75.56,,4.571,186,mps,True,MEASURED,2026-06-04T13:04:17-04:00
13,compile_default,summ_1,summarization,45,40.189,44.68,0.1349,1.1197,1931.02,1931.02,79.08,,3.391,138,mps,True,MEASURED,2026-06-04T13:04:17-04:00
13,compile_default,struct_json,structured,22,21.624,22.13,0.0684,1.0174,1931.43,1931.43,77.66,,1.794,73,mps,True,MEASURED,2026-06-04T13:04:17-04:00
13,compile_default,struct_yaml,structured,81,41.14,42.061,0.0669,1.9689,1931.44,1931.44,79.04,,3.244,132,mps,True,MEASURED,2026-06-04T13:04:17-04:00
13,compile_default,struct_table,structured,43,41.96,42.937,0.0466,1.0248,1931.56,1931.56,79.44,,2.212,90,mps,True,MEASURED,2026-06-04T13:04:17-04:00
14,compile_reduce_ovh,factual_1,factual,77,39.447,39.881,0.0463,1.952,1845.49,1845.49,78.0,,2.753,112,mps,True,MEASURED,2026-06-04T13:05:54-04:00
14,compile_reduce_ovh,factual_2,factual,21,34.468,35.517,0.0462,0.6093,1847.39,1847.39,82.43,,1.352,55,mps,True,MEASURED,2026-06-04T13:05:54-04:00
14,compile_reduce_ovh,coding_1,coding,125,38.759,39.261,0.0667,3.2251,1851.65,1851.65,76.36,,4.129,168,mps,True,MEASURED,2026-06-04T13:05:54-04:00
14,compile_reduce_ovh,coding_2,coding,119,30.602,30.783,0.0554,3.8887,1438.76,1356.32,78.88,,4.276,174,mps,True,MEASURED,2026-06-04T13:05:54-04:00
14,compile_reduce_ovh,reasoning_1,reasoning,179,34.481,34.68,0.0586,5.1913,1185.89,1185.89,76.84,,6.39,260,mps,True,MEASURED,2026-06-04T13:05:54-04:00
14,compile_reduce_ovh,reasoning_2,reasoning,131,32.931,33.08,0.0482,3.978,1190.58,1190.58,77.25,,4.571,186,mps,True,MEASURED,2026-06-04T13:05:54-04:00
14,compile_reduce_ovh,summ_1,summarization,45,39.954,44.357,0.1343,1.1263,1193.38,1193.38,76.43,,3.391,138,mps,True,MEASURED,2026-06-04T13:05:54-04:00
14,compile_reduce_ovh,struct_json,structured,22,22.597,23.197,0.0683,0.9736,1201.65,1201.62,80.26,,1.794,73,mps,True,MEASURED,2026-06-04T13:05:54-04:00
14,compile_reduce_ovh,struct_yaml,structured,81,40.642,41.533,0.0668,1.993,1202.14,1202.14,78.85,,3.244,132,mps,True,MEASURED,2026-06-04T13:05:54-04:00
14,compile_reduce_ovh,struct_table,structured,43,41.59,42.591,0.0478,1.0339,1210.34,1210.34,80.63,,2.212,90,mps,True,MEASURED,2026-06-04T13:05:54-04:00
15,compile_max_autotune,factual_1,factual,77,39.954,40.419,0.0469,1.9272,1411.99,1411.99,79.32,,2.753,112,mps,True,MEASURED,2026-06-04T13:07:31-04:00
15,compile_max_autotune,factual_2,factual,21,34.089,35.073,0.0458,0.616,1416.07,1416.07,83.0,,1.352,55,mps,True,MEASURED,2026-06-04T13:07:31-04:00
15,compile_max_autotune,coding_1,coding,125,39.631,40.157,0.0662,3.1541,1421.79,1421.79,78.06,,4.129,168,mps,True,MEASURED,2026-06-04T13:07:31-04:00
15,compile_max_autotune,coding_2,coding,119,37.762,38.044,0.0496,3.1513,1424.56,1424.56,77.42,,4.276,174,mps,True,MEASURED,2026-06-04T13:07:31-04:00
15,compile_max_autotune,reasoning_1,reasoning,179,34.675,34.87,0.0576,5.1623,1430.37,1430.37,75.8,,6.39,260,mps,True,MEASURED,2026-06-04T13:07:31-04:00
15,compile_max_autotune,reasoning_2,reasoning,131,32.384,32.529,0.0488,4.0452,1431.14,1431.14,77.26,,4.571,186,mps,True,MEASURED,2026-06-04T13:07:31-04:00
15,compile_max_autotune,summ_1,summarization,45,33.284,36.949,0.1612,1.352,1370.1,1370.1,74.85,,3.391,138,mps,True,MEASURED,2026-06-04T13:07:31-04:00
15,compile_max_autotune,struct_json,structured,22,20.204,21.023,0.09,1.0889,1371.24,1371.24,77.24,,1.794,73,mps,True,MEASURED,2026-06-04T13:07:31-04:00
15,compile_max_autotune,struct_yaml,structured,81,38.776,39.625,0.07,2.0889,1371.68,1371.68,78.82,,3.244,132,mps,True,MEASURED,2026-06-04T13:07:31-04:00
15,compile_max_autotune,struct_table,structured,43,38.089,39.01,0.0523,1.1289,1372.36,1372.36,78.3,,2.212,90,mps,True,MEASURED,2026-06-04T13:07:31-04:00
16,low_cpu_mem_load,factual_1,factual,77,38.38,38.929,0.0539,2.0062,1751.84,1751.84,78.56,,2.753,112,mps,True,MEASURED,2026-06-04T13:09:13-04:00
16,low_cpu_mem_load,factual_2,factual,21,31.678,32.509,0.0477,0.6629,1752.65,1752.65,82.21,,1.352,55,mps,True,MEASURED,2026-06-04T13:09:13-04:00
16,low_cpu_mem_load,coding_1,coding,125,36.64,37.106,0.0698,3.4116,1842.38,1604.11,77.17,,4.129,168,mps,True,MEASURED,2026-06-04T13:09:13-04:00
16,low_cpu_mem_load,coding_2,coding,119,35.562,35.802,0.0503,3.3462,1634.71,1634.71,78.85,,4.276,174,mps,True,MEASURED,2026-06-04T13:09:13-04:00
16,low_cpu_mem_load,reasoning_1,reasoning,179,29.937,30.094,0.0644,5.9792,1352.11,1180.5,76.38,,6.39,260,mps,True,MEASURED,2026-06-04T13:09:13-04:00
16,low_cpu_mem_load,reasoning_2,reasoning,131,31.731,31.881,0.0508,4.1285,1189.43,1189.43,77.33,,4.571,186,mps,True,MEASURED,2026-06-04T13:09:13-04:00
16,low_cpu_mem_load,summ_1,summarization,45,37.948,42.104,0.1408,1.1858,1192.69,1192.69,79.1,,3.391,138,mps,True,MEASURED,2026-06-04T13:09:13-04:00
16,low_cpu_mem_load,struct_json,structured,22,21.947,22.447,0.0669,1.0024,1194.36,1193.12,79.29,,1.794,73,mps,True,MEASURED,2026-06-04T13:09:13-04:00
16,low_cpu_mem_load,struct_yaml,structured,81,39.247,40.104,0.069,2.0639,1193.41,1193.41,78.9,,3.244,132,mps,True,MEASURED,2026-06-04T13:09:13-04:00
16,low_cpu_mem_load,struct_table,structured,43,40.151,41.212,0.0518,1.071,1194.72,1194.72,79.51,,2.212,90,mps,True,MEASURED,2026-06-04T13:09:13-04:00
17,channels_last,factual_1,factual,77,38.01,38.398,0.0465,2.0258,1502.48,1502.48,78.94,,2.753,112,mps,True,MEASURED,2026-06-04T13:10:53-04:00
17,channels_last,factual_2,factual,21,33.042,33.99,0.0472,0.6356,1505.98,1505.98,80.73,,1.352,55,mps,True,MEASURED,2026-06-04T13:10:53-04:00
17,channels_last,coding_1,coding,125,38.005,38.512,0.0693,3.2891,1509.52,1509.52,78.19,,4.129,168,mps,True,MEASURED,2026-06-04T13:10:53-04:00
17,channels_last,coding_2,coding,119,32.869,33.133,0.059,3.6204,1511.06,1511.06,77.79,,4.276,174,mps,True,MEASURED,2026-06-04T13:10:53-04:00
17,channels_last,reasoning_1,reasoning,179,33.334,33.533,0.0617,5.37,1516.96,1516.96,76.73,,6.39,260,mps,True,MEASURED,2026-06-04T13:10:53-04:00
17,channels_last,reasoning_2,reasoning,131,31.466,31.607,0.0501,4.1632,1517.14,1517.14,77.41,,4.571,186,mps,True,MEASURED,2026-06-04T13:10:53-04:00
17,channels_last,summ_1,summarization,45,37.809,41.913,0.1404,1.1902,1517.7,1517.7,79.27,,3.391,138,mps,True,MEASURED,2026-06-04T13:10:53-04:00
17,channels_last,struct_json,structured,22,21.521,22.024,0.0688,1.0223,1517.85,1517.85,80.16,,1.794,73,mps,True,MEASURED,2026-06-04T13:10:53-04:00
17,channels_last,struct_yaml,structured,81,39.382,40.242,0.0688,2.0568,1517.88,1517.88,78.95,,3.244,132,mps,True,MEASURED,2026-06-04T13:10:53-04:00
17,channels_last,struct_table,structured,43,39.737,40.661,0.0492,1.0821,1517.88,1517.88,81.3,,2.212,90,mps,True,MEASURED,2026-06-04T13:10:53-04:00
18,cpu_4threads_pcores,factual_1,factual,77,37.674,38.75,0.0826,2.0439,3422.65,3422.65,143.31,,2.753,112,cpu,True,MEASURED,2026-06-04T13:12:34-04:00
18,cpu_4threads_pcores,factual_2,factual,21,31.509,34.36,0.0844,0.6665,3430.86,3430.86,137.23,,1.352,55,cpu,True,MEASURED,2026-06-04T13:12:34-04:00
18,cpu_4threads_pcores,coding_1,coding,125,36.997,37.88,0.1051,3.3786,3436.56,3436.56,142.73,,4.129,168,cpu,True,MEASURED,2026-06-04T13:12:34-04:00
18,cpu_4threads_pcores,coding_2,coding,119,35.166,35.812,0.089,3.3839,3441.28,3441.28,142.91,,4.276,174,cpu,True,MEASURED,2026-06-04T13:12:34-04:00
18,cpu_4threads_pcores,reasoning_1,reasoning,179,31.944,32.38,0.1064,5.6035,3450.96,3450.96,143.71,,6.39,260,cpu,True,MEASURED,2026-06-04T13:12:34-04:00
18,cpu_4threads_pcores,reasoning_2,reasoning,131,30.823,31.247,0.0896,4.25,3454.57,3454.57,143.17,,4.571,186,cpu,True,MEASURED,2026-06-04T13:12:34-04:00
18,cpu_4threads_pcores,summ_1,summarization,45,36.011,41.594,0.1918,1.2496,3458.11,3458.11,142.3,,3.391,138,cpu,True,MEASURED,2026-06-04T13:12:34-04:00
18,cpu_4threads_pcores,struct_json,structured,22,20.581,21.865,0.1085,1.0689,3458.65,3458.65,139.53,,1.794,73,cpu,True,MEASURED,2026-06-04T13:12:34-04:00
18,cpu_4threads_pcores,struct_yaml,structured,81,38.632,40.269,0.1101,2.0967,3458.65,3458.65,142.3,,3.244,132,cpu,True,MEASURED,2026-06-04T13:12:34-04:00
18,cpu_4threads_pcores,struct_table,structured,43,38.579,40.941,0.0887,1.1146,3458.81,3458.81,140.97,,2.212,90,cpu,True,MEASURED,2026-06-04T13:12:34-04:00
19,slow_tokenizer(ablation),factual_1,factual,77,38.024,38.406,0.0462,2.025,1546.4,1546.4,76.16,,2.753,112,mps,True,MEASURED,2026-06-04T13:17:58-04:00
19,slow_tokenizer(ablation),factual_2,factual,21,17.993,18.334,0.0763,1.1671,1552.3,1552.3,89.14,,1.352,55,mps,True,MEASURED,2026-06-04T13:17:58-04:00
19,slow_tokenizer(ablation),coding_1,coding,125,35.849,36.421,0.0823,3.4869,1599.91,1599.91,80.91,,4.129,168,mps,True,MEASURED,2026-06-04T13:17:58-04:00
19,slow_tokenizer(ablation),coding_2,coding,119,29.026,29.188,0.057,4.0997,1603.14,1603.14,83.31,,4.276,174,mps,True,MEASURED,2026-06-04T13:17:58-04:00
19,slow_tokenizer(ablation),reasoning_1,reasoning,179,26.991,27.139,0.073,6.6318,1735.1,1735.1,81.56,,6.39,260,mps,True,MEASURED,2026-06-04T13:17:58-04:00
19,slow_tokenizer(ablation),reasoning_2,reasoning,131,24.906,25.038,0.0677,5.2598,1735.34,1735.34,81.4,,4.571,186,mps,True,MEASURED,2026-06-04T13:17:58-04:00
19,slow_tokenizer(ablation),summ_1,summarization,45,28.027,31.395,0.2041,1.6056,1735.82,1735.82,84.77,,3.391,138,mps,True,MEASURED,2026-06-04T13:17:58-04:00
19,slow_tokenizer(ablation),struct_json,structured,22,16.573,16.934,0.0874,1.3275,1735.92,1735.92,80.08,,1.794,73,mps,True,MEASURED,2026-06-04T13:17:58-04:00
19,slow_tokenizer(ablation),struct_yaml,structured,81,30.629,31.317,0.09,2.6446,1735.95,1735.95,84.36,,3.244,132,mps,True,MEASURED,2026-06-04T13:17:58-04:00
19,slow_tokenizer(ablation),struct_table,structured,43,31.944,32.718,0.0624,1.3461,1735.98,1735.98,79.75,,2.212,90,mps,True,MEASURED,2026-06-04T13:17:58-04:00
20,int8_bnb,factual_1,factual,77,28.241,28.756,0.0835,2.7265,1728.99,1728.99,83.81,,2.753,112,mps,True,MEASURED,2026-06-04T13:35:47-04:00
20,int8_bnb,factual_2,factual,21,28.993,29.872,0.0548,0.7243,1732.64,1732.64,77.04,,1.352,55,mps,True,MEASURED,2026-06-04T13:35:47-04:00
20,int8_bnb,coding_1,coding,125,30.035,30.367,0.0784,4.1618,1737.11,1737.11,81.14,,4.129,168,mps,True,MEASURED,2026-06-04T13:35:47-04:00
20,int8_bnb,coding_2,coding,119,26.975,27.158,0.0665,4.4115,1739.01,1739.01,80.99,,4.276,174,mps,True,MEASURED,2026-06-04T13:35:47-04:00
20,int8_bnb,reasoning_1,reasoning,179,13.633,13.76,0.1933,13.1295,1743.57,1743.57,90.26,,6.39,260,mps,True,MEASURED,2026-06-04T13:35:47-04:00
20,int8_bnb,reasoning_2,reasoning,131,26.176,26.228,0.0481,5.0046,1590.3,1590.3,80.92,,4.571,186,mps,True,MEASURED,2026-06-04T13:35:47-04:00
20,int8_bnb,summ_1,summarization,45,36.357,40.173,0.1425,1.2377,1590.94,1590.94,76.13,,3.391,138,mps,True,MEASURED,2026-06-04T13:35:47-04:00
20,int8_bnb,struct_json,structured,22,16.058,16.327,0.0838,1.37,1591.1,1591.1,80.53,,1.794,73,mps,True,MEASURED,2026-06-04T13:35:47-04:00
20,int8_bnb,struct_yaml,structured,81,34.027,34.935,0.0905,2.3805,1591.31,1591.3,83.32,,3.244,132,mps,True,MEASURED,2026-06-04T13:35:47-04:00
20,int8_bnb,struct_table,structured,43,31.554,32.355,0.0646,1.3627,1591.44,1591.44,79.52,,2.212,90,mps,True,MEASURED,2026-06-04T13:35:47-04:00
21,nf4_bnb,factual_1,factual,77,30.887,31.16,0.0539,2.4929,1792.74,1792.74,84.21,,2.753,112,mps,True,MEASURED,2026-06-04T13:37:48-04:00
21,nf4_bnb,factual_2,factual,21,31.593,32.538,0.05,0.6647,1790.71,1790.71,90.71,,1.352,55,mps,True,MEASURED,2026-06-04T13:37:48-04:00
21,nf4_bnb,coding_1,coding,125,29.774,30.306,0.1067,4.1983,1792.02,1792.02,82.21,,4.129,168,mps,True,MEASURED,2026-06-04T13:37:48-04:00
21,nf4_bnb,coding_2,coding,119,28.407,28.621,0.0662,4.1891,1792.9,1792.9,81.06,,4.276,174,mps,True,MEASURED,2026-06-04T13:37:48-04:00
21,nf4_bnb,reasoning_1,reasoning,179,26.496,26.669,0.0814,6.7558,1822.64,1822.62,82.72,,6.39,260,mps,True,MEASURED,2026-06-04T13:37:48-04:00
21,nf4_bnb,reasoning_2,reasoning,131,25.193,25.268,0.0551,5.1998,1821.69,1821.46,83.04,,4.571,186,mps,True,MEASURED,2026-06-04T13:37:48-04:00
21,nf4_bnb,summ_1,summarization,45,28.302,31.02,0.1715,1.59,1821.08,1800.5,84.46,,3.391,138,mps,True,MEASURED,2026-06-04T13:37:48-04:00
21,nf4_bnb,struct_json,structured,22,17.061,17.443,0.0856,1.2895,1368.7,1368.7,80.65,,1.794,73,mps,True,MEASURED,2026-06-04T13:37:48-04:00
21,nf4_bnb,struct_yaml,structured,81,30.778,31.322,0.0776,2.6317,1368.97,1368.97,81.05,,3.244,132,mps,True,MEASURED,2026-06-04T13:37:48-04:00
21,nf4_bnb,struct_table,structured,43,33.888,34.643,0.0565,1.2689,1370.1,1370.1,85.23,,2.212,90,mps,True,MEASURED,2026-06-04T13:37:48-04:00
22,batch4,factual_1,factual,77,29.847,30.101,0.055,2.5798,1830.81,1830.34,84.27,,2.753,112,mps,True,MEASURED,2026-06-04T13:39:50-04:00
22,batch4,factual_2,factual,21,30.615,31.546,0.0519,0.6859,1830.42,1830.42,90.56,,1.352,55,mps,True,MEASURED,2026-06-04T13:39:50-04:00
22,batch4,coding_1,coding,125,31.165,31.632,0.0908,4.0109,1832.14,1832.14,82.15,,4.129,168,mps,True,MEASURED,2026-06-04T13:39:50-04:00
22,batch4,coding_2,coding,119,28.281,28.446,0.0596,4.2078,1833.29,1833.29,82.48,,4.276,174,mps,True,MEASURED,2026-06-04T13:39:50-04:00
22,batch4,reasoning_1,reasoning,179,26.307,26.482,0.0829,6.8044,1838.2,1838.2,82.64,,6.39,260,mps,True,MEASURED,2026-06-04T13:39:50-04:00
22,batch4,reasoning_2,reasoning,131,25.459,25.551,0.0576,5.1455,1838.42,1838.42,81.75,,4.571,186,mps,True,MEASURED,2026-06-04T13:39:50-04:00
22,batch4,summ_1,summarization,45,27.302,30.294,0.1958,1.6482,1838.79,1838.79,84.82,,3.391,138,mps,True,MEASURED,2026-06-04T13:39:50-04:00
22,batch4,struct_json,structured,22,16.081,16.35,0.0837,1.3681,1838.81,1838.81,86.68,,1.794,73,mps,True,MEASURED,2026-06-04T13:39:50-04:00
22,batch4,struct_yaml,structured,81,31.343,32.09,0.0913,2.5843,1838.81,1838.81,80.69,,3.244,132,mps,True,MEASURED,2026-06-04T13:39:50-04:00
22,batch4,struct_table,structured,43,33.351,34.11,0.058,1.2893,1838.81,1838.81,86.93,,2.212,90,mps,True,MEASURED,2026-06-04T13:39:50-04:00
23,batch8,factual_1,factual,77,31.744,32.05,0.0543,2.4257,1853.82,1853.82,81.92,,2.753,112,mps,True,MEASURED,2026-06-04T13:42:42-04:00
23,batch8,factual_2,factual,21,31.022,31.939,0.0507,0.6769,1853.67,1853.67,78.36,,1.352,55,mps,True,MEASURED,2026-06-04T13:42:42-04:00
23,batch8,coding_1,coding,125,30.613,31.179,0.1063,4.0833,1853.67,1853.67,82.79,,4.129,168,mps,True,MEASURED,2026-06-04T13:42:42-04:00
23,batch8,coding_2,coding,119,29.051,29.207,0.0561,4.0963,1854.42,1854.41,83.13,,4.276,174,mps,True,MEASURED,2026-06-04T13:42:42-04:00
23,batch8,reasoning_1,reasoning,179,24.927,25.059,0.0778,7.1809,1855.08,1855.08,84.34,,6.39,260,mps,True,MEASURED,2026-06-04T13:42:42-04:00
23,batch8,reasoning_2,reasoning,131,7.687,7.715,0.1921,17.0428,1855.41,1855.41,96.66,,4.571,186,mps,True,MEASURED,2026-06-04T13:42:42-04:00
23,batch8,summ_1,summarization,45,25.333,27.504,0.1766,1.7763,1855.78,1855.78,80.64,,3.391,138,mps,True,MEASURED,2026-06-04T13:42:42-04:00
23,batch8,struct_json,structured,22,21.094,21.593,0.0704,1.043,1855.83,1855.83,85.16,,1.794,73,mps,True,MEASURED,2026-06-04T13:42:42-04:00
23,batch8,struct_yaml,structured,81,33.637,34.302,0.0758,2.4081,1855.85,1855.85,83.2,,3.244,132,mps,True,MEASURED,2026-06-04T13:42:42-04:00
23,batch8,struct_table,structured,43,29.006,29.579,0.0625,1.4825,1855.85,1855.85,80.54,,2.212,90,mps,True,MEASURED,2026-06-04T13:42:42-04:00
24,speculative,factual_1,factual,19,9.885,10.461,0.2014,1.9221,1285.16,1279.41,63.29,,1.327,54,mps,True,MEASURED,2026-06-04T13:44:45-04:00
24,speculative,factual_2,factual,3,4.307,8.419,0.4589,0.6965,1305.9,1305.9,58.3,,0.909,37,mps,True,MEASURED,2026-06-04T13:44:45-04:00
24,speculative,coding_1,coding,10,2.592,2.719,0.5475,3.8581,1448.28,1448.02,66.43,,1.303,53,mps,True,MEASURED,2026-06-04T13:44:45-04:00
24,speculative,coding_2,coding,16,4.264,4.34,0.2967,3.7527,1095.89,751.93,56.66,,1.745,71,mps,True,MEASURED,2026-06-04T13:44:45-04:00
24,speculative,reasoning_1,reasoning,22,3.836,3.871,0.3105,5.7358,1040.47,998.93,58.31,,2.531,103,mps,True,MEASURED,2026-06-04T13:44:45-04:00
24,speculative,reasoning_2,reasoning,14,3.371,3.491,0.43,4.1536,1096.79,1055.88,55.35,,1.696,69,mps,True,MEASURED,2026-06-04T13:44:45-04:00
24,speculative,summ_1,summarization,17,14.043,17.524,0.2976,1.2106,1119.52,1119.52,66.81,,2.703,110,mps,True,MEASURED,2026-06-04T13:44:45-04:00
24,speculative,struct_json,structured,4,4.021,5.219,0.4201,0.9949,1297.15,1297.15,55.41,,1.352,55,mps,True,MEASURED,2026-06-04T13:44:45-04:00
24,speculative,struct_yaml,structured,15,7.156,7.095,0.1229,2.0962,1329.94,1285.32,58.99,,1.622,66,mps,True,MEASURED,2026-06-04T13:44:45-04:00
24,speculative,struct_table,structured,9,8.519,8.125,0.0719,1.0565,1320.58,1320.58,58.13,,1.376,56,mps,True,MEASURED,2026-06-04T13:44:45-04:00
25,greedy_decode,factual_1,factual,77,40.79,41.312,0.0481,1.8877,2111.59,2111.59,75.45,,2.753,112,mps,True,MEASURED,2026-06-04T13:46:24-04:00
25,greedy_decode,factual_2,factual,21,33.531,34.38,0.0446,0.6263,2115.76,2115.75,71.09,,1.352,55,mps,True,MEASURED,2026-06-04T13:46:24-04:00
25,greedy_decode,coding_1,coding,125,36.432,37.09,0.0878,3.4311,2166.6,2166.59,80.69,,4.129,168,mps,True,MEASURED,2026-06-04T13:46:24-04:00
25,greedy_decode,coding_2,coding,119,34.672,34.873,0.0485,3.4322,2174.12,2173.16,80.8,,4.276,174,mps,True,MEASURED,2026-06-04T13:46:24-04:00
25,greedy_decode,reasoning_1,reasoning,179,32.79,32.974,0.0608,5.459,2262.06,2262.06,74.19,,6.39,260,mps,True,MEASURED,2026-06-04T13:46:24-04:00
25,greedy_decode,reasoning_2,reasoning,131,31.577,31.725,0.0509,4.1486,2263.3,2262.37,75.73,,4.571,186,mps,True,MEASURED,2026-06-04T13:46:24-04:00
25,greedy_decode,summ_1,summarization,45,37.816,42.406,0.1524,1.19,2264.53,2264.02,74.72,,3.391,138,mps,True,MEASURED,2026-06-04T13:46:24-04:00
25,greedy_decode,struct_json,structured,22,21.313,21.786,0.0683,1.0322,2263.71,2263.7,74.75,,1.794,73,mps,True,MEASURED,2026-06-04T13:46:24-04:00
25,greedy_decode,struct_yaml,structured,81,40.661,41.555,0.0669,1.9921,2263.92,2263.92,76.14,,3.244,132,mps,True,MEASURED,2026-06-04T13:46:24-04:00
25,greedy_decode,struct_table,structured,43,41.377,42.382,0.0482,1.0392,2264.24,2264.24,101.09,,2.212,90,mps,True,MEASURED,2026-06-04T13:46:24-04:00
26,early_eos,factual_1,factual,77,35.379,35.775,0.0521,2.1765,1747.81,1667.24,82.27,,2.753,112,mps,True,MEASURED,2026-06-04T13:48:07-04:00
26,early_eos,factual_2,factual,21,33.508,34.46,0.0463,0.6267,1668.96,1668.96,73.92,,1.352,55,mps,True,MEASURED,2026-06-04T13:48:07-04:00
26,early_eos,coding_1,coding,125,36.461,36.978,0.075,3.4283,1715.68,1715.68,79.68,,4.129,168,mps,True,MEASURED,2026-06-04T13:48:07-04:00
26,early_eos,coding_2,coding,119,37.216,37.471,0.0485,3.1976,1720.04,1720.04,74.36,,4.276,174,mps,True,MEASURED,2026-06-04T13:48:07-04:00
26,early_eos,reasoning_1,reasoning,179,30.876,31.013,0.0578,5.7974,1364.75,1221.69,71.39,,6.39,260,mps,True,MEASURED,2026-06-04T13:48:07-04:00
26,early_eos,reasoning_2,reasoning,131,29.823,29.926,0.0485,4.3925,1204.63,1162.49,72.8,,4.571,186,mps,True,MEASURED,2026-06-04T13:48:07-04:00
26,early_eos,summ_1,summarization,45,39.149,43.338,0.1342,1.1495,1143.06,1143.06,76.13,,3.391,138,mps,True,MEASURED,2026-06-04T13:48:07-04:00
26,early_eos,struct_json,structured,22,22.211,22.801,0.0695,0.9905,1148.93,1148.93,74.16,,1.794,73,mps,True,MEASURED,2026-06-04T13:48:07-04:00
26,early_eos,struct_yaml,structured,81,40.595,41.578,0.0712,1.9953,1078.71,1077.46,75.28,,3.244,132,mps,True,MEASURED,2026-06-04T13:48:07-04:00
26,early_eos,struct_table,structured,43,42.122,43.446,0.0541,1.0208,1000.18,1000.18,73.94,,2.212,90,mps,True,MEASURED,2026-06-04T13:48:07-04:00
27,warm_persistent,factual_1,factual,77,38.454,38.961,0.0517,2.0024,1310.44,1310.44,73.89,,2.753,112,mps,True,MEASURED,2026-06-04T13:50:16-04:00
27,warm_persistent,factual_2,factual,21,23.885,24.032,0.047,0.8792,1317.04,1316.77,62.04,,1.352,55,mps,True,MEASURED,2026-06-04T13:50:16-04:00
27,warm_persistent,coding_1,coding,125,38.634,39.168,0.0697,3.2355,1467.53,1467.51,75.19,,4.129,168,mps,True,MEASURED,2026-06-04T13:50:16-04:00
27,warm_persistent,coding_2,coding,119,32.348,32.601,0.0592,3.6787,1498.99,1497.97,71.01,,4.276,174,mps,True,MEASURED,2026-06-04T13:50:16-04:00
27,warm_persistent,reasoning_1,reasoning,179,31.738,31.916,0.0627,5.6398,1564.87,1505.48,73.32,,6.39,260,mps,True,MEASURED,2026-06-04T13:50:16-04:00
27,warm_persistent,reasoning_2,reasoning,131,30.799,30.916,0.0484,4.2534,1212.4,1212.4,76.02,,4.571,186,mps,True,MEASURED,2026-06-04T13:50:16-04:00
27,warm_persistent,summ_1,summarization,45,39.519,43.699,0.1318,1.1387,1215.4,1215.4,91.32,,3.391,138,mps,True,MEASURED,2026-06-04T13:50:16-04:00
27,warm_persistent,struct_json,structured,22,21.216,21.772,0.0724,1.0369,1217.72,1217.72,73.96,,1.794,73,mps,True,MEASURED,2026-06-04T13:50:16-04:00
27,warm_persistent,struct_yaml,structured,81,39.726,40.561,0.0666,2.039,1218.23,1218.23,85.85,,3.244,132,mps,True,MEASURED,2026-06-04T13:50:16-04:00
27,warm_persistent,struct_table,structured,43,42.339,43.397,0.0478,1.0156,1224.0,1224.0,94.44,,2.212,90,mps,True,MEASURED,2026-06-04T13:50:16-04:00
28,pinned_mem,factual_1,factual,77,39.962,40.411,0.0461,1.9268,1506.34,1506.34,75.84,,2.753,112,mps,True,MEASURED,2026-06-04T13:51:54-04:00
28,pinned_mem,factual_2,factual,21,34.402,35.524,0.0474,0.6104,1373.42,1373.42,73.08,,1.352,55,mps,True,MEASURED,2026-06-04T13:51:54-04:00
28,pinned_mem,coding_1,coding,125,39.864,40.396,0.066,3.1356,1519.01,1519.01,76.28,,4.129,168,mps,True,MEASURED,2026-06-04T13:51:54-04:00
28,pinned_mem,coding_2,coding,119,34.468,34.703,0.0522,3.4524,1521.81,1521.81,75.75,,4.276,174,mps,True,MEASURED,2026-06-04T13:51:54-04:00
28,pinned_mem,reasoning_1,reasoning,179,32.318,32.481,0.0586,5.5387,1224.52,1224.52,74.06,,6.39,260,mps,True,MEASURED,2026-06-04T13:51:54-04:00
28,pinned_mem,reasoning_2,reasoning,131,31.067,31.193,0.0491,4.2166,1229.98,1229.98,74.87,,4.571,186,mps,True,MEASURED,2026-06-04T13:51:54-04:00
28,pinned_mem,summ_1,summarization,45,37.189,40.943,0.1354,1.21,1233.32,1233.32,73.49,,3.391,138,mps,True,MEASURED,2026-06-04T13:51:54-04:00
28,pinned_mem,struct_json,structured,22,21.222,21.834,0.0748,1.0366,1235.88,1235.88,72.41,,1.794,73,mps,True,MEASURED,2026-06-04T13:51:54-04:00
28,pinned_mem,struct_yaml,structured,81,40.229,41.206,0.072,2.0135,1236.66,1236.66,73.35,,3.244,132,mps,True,MEASURED,2026-06-04T13:51:54-04:00
28,pinned_mem,struct_table,structured,43,41.901,43.253,0.0552,1.0262,1239.19,1239.19,74.16,,2.212,90,mps,True,MEASURED,2026-06-04T13:51:54-04:00
29,static+autotune,factual_1,factual,77,47.822,48.41,0.0402,1.6101,2042.3,2042.3,86.82,,2.753,112,mps,True,MEASURED,2026-06-04T13:53:25-04:00
29,static+autotune,factual_2,factual,21,38.921,40.076,0.0405,0.5396,2042.58,2042.58,69.33,,1.352,55,mps,True,MEASURED,2026-06-04T13:53:25-04:00
29,static+autotune,coding_1,coding,125,40.87,41.367,0.0609,3.0585,2187.53,2186.44,75.08,,4.129,168,mps,True,MEASURED,2026-06-04T13:53:25-04:00
29,static+autotune,coding_2,coding,119,42.606,42.938,0.0448,2.793,2318.47,2318.47,71.5,,4.276,174,mps,True,MEASURED,2026-06-04T13:53:25-04:00
29,static+autotune,reasoning_1,reasoning,179,36.913,37.156,0.0586,4.8492,2532.9,2532.9,70.8,,6.39,260,mps,True,MEASURED,2026-06-04T13:53:25-04:00
29,static+autotune,reasoning_2,reasoning,131,33.043,33.202,0.0491,3.9645,2503.62,2058.42,71.47,,4.571,186,mps,True,MEASURED,2026-06-04T13:53:25-04:00
29,static+autotune,summ_1,summarization,45,36.344,40.271,0.1456,1.2382,1824.67,1824.67,92.41,,3.391,138,mps,True,MEASURED,2026-06-04T13:53:25-04:00
29,static+autotune,struct_json,structured,22,23.203,23.933,0.0707,0.9481,1827.91,1827.91,69.8,,1.794,73,mps,True,MEASURED,2026-06-04T13:53:25-04:00
29,static+autotune,struct_yaml,structured,81,43.613,44.665,0.0661,1.8572,1828.63,1828.63,70.35,,3.244,132,mps,True,MEASURED,2026-06-04T13:53:25-04:00
29,static+autotune,struct_table,structured,43,42.73,43.775,0.0469,1.0063,1834.96,1834.96,92.0,,2.212,90,mps,True,MEASURED,2026-06-04T13:53:25-04:00
30,sdpa+fp16,factual_1,factual,77,58.553,59.585,0.0396,1.3151,2148.53,2148.53,81.7,,1.376,112,mps,True,MEASURED,2026-06-04T13:54:29-04:00
30,sdpa+fp16,factual_2,factual,21,47.797,50.646,0.0445,0.4394,2152.78,2152.78,81.1,,0.676,55,mps,True,MEASURED,2026-06-04T13:54:29-04:00
30,sdpa+fp16,coding_1,coding,125,57.227,58.042,0.0479,2.1843,2179.28,2179.28,90.57,,2.064,168,mps,True,MEASURED,2026-06-04T13:54:29-04:00
30,sdpa+fp16,coding_2,coding,119,55.664,56.196,0.038,2.1378,2189.28,2189.28,82.71,,2.138,174,mps,True,MEASURED,2026-06-04T13:54:29-04:00
30,sdpa+fp16,reasoning_1,reasoning,178,52.355,52.764,0.0453,3.3998,2239.41,2239.41,83.03,,3.183,259,mps,True,MEASURED,2026-06-04T13:54:29-04:00
30,sdpa+fp16,reasoning_2,reasoning,132,50.407,50.716,0.0357,2.6187,2243.12,2243.12,90.87,,2.298,187,mps,True,MEASURED,2026-06-04T13:54:29-04:00
30,sdpa+fp16,summ_1,summarization,45,59.426,66.735,0.0979,0.7572,2243.41,2243.41,79.62,,1.696,138,mps,True,MEASURED,2026-06-04T13:54:29-04:00
30,sdpa+fp16,struct_json,structured,22,33.122,34.512,0.0557,0.6642,2243.99,2243.99,79.36,,0.897,73,mps,True,MEASURED,2026-06-04T13:54:29-04:00
30,sdpa+fp16,struct_yaml,structured,81,60.927,62.613,0.0518,1.3295,2244.4,2244.4,80.97,,1.622,132,mps,True,MEASURED,2026-06-04T13:54:29-04:00
30,sdpa+fp16,struct_table,structured,43,62.022,64.121,0.0383,0.6933,2244.67,2244.67,108.17,,1.106,90,mps,True,MEASURED,2026-06-04T13:54:29-04:00
